"Date and Time Run #1","Time (s) Run #1","Position (m) Run #1","Velocity (m/s) Run #1","Acceleration (m/s²) Run #1","Ping Echo Time (s) Run #1","Date and Time Run #2","Time (s) Run #2","Position (m) Run #2","Velocity (m/s) Run #2","Acceleration (m/s²) Run #2","Ping Echo Time (s) Run #2","Date and Time Run #3","Time (s) Run #3","Position (m) Run #3","Velocity (m/s) Run #3","Acceleration (m/s²) Run #3","Ping Echo Time (s) Run #3","Date and Time Run #4","Time (s) Run #4","Position (m) Run #4","Velocity (m/s) Run #4","Acceleration (m/s²) Run #4","Ping Echo Time (s) Run #4","Date and Time Run #5","Time (s) Run #5","Position (m) Run #5","Velocity (m/s) Run #5","Acceleration (m/s²) Run #5","Ping Echo Time (s) Run #5","Date and Time Run #6","Time (s) Run #6","Position (m) Run #6","Velocity (m/s) Run #6","Acceleration (m/s²) Run #6","Ping Echo Time (s) Run #6","Date and Time Run #7","Time (s) Run #7","Position (m) Run #7","Velocity (m/s) Run #7","Acceleration (m/s²) Run #7","Ping Echo Time (s) Run #7","Date and Time Run #8","Time (s) Run #8","Position (m) Run #8","Velocity (m/s) Run #8","Acceleration (m/s²) Run #8","Ping Echo Time (s) Run #8","Date and Time Run #9","Time (s) Run #9","Position (m) Run #9","Velocity (m/s) Run #9","Acceleration (m/s²) Run #9","Ping Echo Time (s) Run #9","Date and Time Run #10","Time (s) Run #10","Position (m) Run #10","Velocity (m/s) Run #10","Acceleration (m/s²) Run #10","Ping Echo Time (s) Run #10"
01/30/2025 12:33:01 pm,0.000,1.24,,,0.007228,01/30/2025 12:35:04 pm,0.000,1.18,,,0.006842,01/30/2025 12:35:43 pm,0.000,1.23,,,0.007176,01/30/2025 12:37:41 pm,0.000,1.21,,,0.007036,01/30/2025 12:38:50 pm,0.000,1.04,,,0.006033,01/30/2025 12:39:31 pm,0.000,1.16,,,0.006720,01/30/2025 12:40:09 pm,0.000,1.00,,,0.005841,01/30/2025 12:41:22 pm,0.000,0.98,,,0.005710,01/30/2025 12:41:49 pm,0.000,0.93,,,0.005383,01/30/2025 12:42:32 pm,0.000,1.04,,,0.006035
01/30/2025 12:33:01 pm,0.020,1.24,-0.03,,0.007235,01/30/2025 12:35:04 pm,0.020,1.18,-0.01,,0.006840,01/30/2025 12:35:43 pm,0.020,1.23,-0.08,,0.007175,01/30/2025 12:37:41 pm,0.020,1.21,0.00,,0.007037,01/30/2025 12:38:50 pm,0.020,1.04,-0.07,,0.006033,01/30/2025 12:39:31 pm,0.020,1.15,-0.07,,0.006705,01/30/2025 12:40:09 pm,0.020,1.00,0.00,,0.005841,01/30/2025 12:41:22 pm,0.020,0.98,-0.02,,0.005708,01/30/2025 12:41:49 pm,0.020,0.93,-0.03,,0.005379,01/30/2025 12:42:32 pm,0.020,1.04,-0.03,,0.006030
01/30/2025 12:33:01 pm,0.040,1.24,-0.07,-0.21,0.007222,01/30/2025 12:35:04 pm,0.040,1.18,-0.01,0.24,0.006839,01/30/2025 12:35:43 pm,0.040,1.23,-0.07,0.35,0.007157,01/30/2025 12:37:41 pm,0.040,1.21,0.04,0.84,0.007037,01/30/2025 12:38:50 pm,0.040,1.04,-0.06,0.45,0.006018,01/30/2025 12:39:31 pm,0.040,1.15,-0.02,1.32,0.006704,01/30/2025 12:40:09 pm,0.040,1.00,0.01,0.22,0.005842,01/30/2025 12:41:22 pm,0.040,0.98,-0.02,0.15,0.005705,01/30/2025 12:41:49 pm,0.040,0.92,-0.03,0.34,0.005374,01/30/2025 12:42:32 pm,0.040,1.04,-0.03,-0.06,0.006028
01/30/2025 12:33:01 pm,0.060,1.24,-0.03,1.67,0.007208,01/30/2025 12:35:04 pm,0.060,1.18,0.00,0.18,0.006839,01/30/2025 12:35:43 pm,0.060,1.23,-0.07,0.78,0.007152,01/30/2025 12:37:41 pm,0.060,1.21,0.04,-0.29,0.007051,01/30/2025 12:38:50 pm,0.060,1.03,-0.05,0.61,0.006013,01/30/2025 12:39:31 pm,0.060,1.15,-0.02,3.14,0.006705,01/30/2025 12:40:09 pm,0.060,1.01,0.01,0.02,0.005844,01/30/2025 12:41:22 pm,0.060,0.98,-0.02,0.39,0.005705,01/30/2025 12:41:49 pm,0.060,0.92,-0.02,0.38,0.005371,01/30/2025 12:42:32 pm,0.060,1.04,-0.03,0.07,0.006022
01/30/2025 12:33:01 pm,0.080,1.24,0.04,1.81,0.007207,01/30/2025 12:35:04 pm,0.080,1.18,0.00,0.18,0.006838,01/30/2025 12:35:43 pm,0.080,1.23,-0.04,1.05,0.007150,01/30/2025 12:37:41 pm,0.080,1.21,0.02,-0.77,0.007050,01/30/2025 12:38:50 pm,0.080,1.03,-0.03,0.82,0.006013,01/30/2025 12:39:31 pm,0.080,1.15,0.09,2.89,0.006705,01/30/2025 12:40:09 pm,0.080,1.01,0.01,-0.10,0.005845,01/30/2025 12:41:22 pm,0.080,0.98,0.00,0.49,0.005700,01/30/2025 12:41:49 pm,0.080,0.92,-0.01,0.40,0.005372,01/30/2025 12:42:32 pm,0.080,1.04,-0.03,0.11,0.006019
01/30/2025 12:33:01 pm,0.100,1.24,0.07,0.74,0.007226,01/30/2025 12:35:04 pm,0.100,1.18,0.00,0.19,0.006838,01/30/2025 12:35:43 pm,0.100,1.23,-0.02,1.03,0.007136,01/30/2025 12:37:41 pm,0.100,1.21,-0.01,-0.57,0.007050,01/30/2025 12:38:50 pm,0.100,1.03,-0.02,1.20,0.006003,01/30/2025 12:39:31 pm,0.100,1.15,0.19,0.07,0.006692,01/30/2025 12:40:09 pm,0.100,1.01,0.01,-0.10,0.005846,01/30/2025 12:41:22 pm,0.100,0.98,0.01,0.39,0.005703,01/30/2025 12:41:49 pm,0.100,0.92,0.00,0.23,0.005367,01/30/2025 12:42:32 pm,0.100,1.03,-0.03,0.03,0.006016
01/30/2025 12:33:01 pm,0.120,1.24,0.05,-0.11,0.007230,01/30/2025 12:35:04 pm,0.120,1.18,0.01,0.14,0.006839,01/30/2025 12:35:43 pm,0.120,1.23,0.01,0.38,0.007145,01/30/2025 12:37:41 pm,0.120,1.21,-0.01,-0.20,0.007049,01/30/2025 12:38:50 pm,0.120,1.03,0.01,1.45,0.006004,01/30/2025 12:39:31 pm,0.120,1.17,0.12,-3.55,0.006782,01/30/2025 12:40:09 pm,0.120,1.01,0.00,-0.05,0.005846,01/30/2025 12:41:22 pm,0.120,0.98,0.01,0.15,0.005704,01/30/2025 12:41:49 pm,0.120,0.92,0.00,-0.19,0.005370,01/30/2025 12:42:32 pm,0.120,1.03,-0.03,-0.05,0.006013
01/30/2025 12:33:01 pm,0.140,1.24,0.05,-0.44,0.007231,01/30/2025 12:35:04 pm,0.140,1.18,0.01,0.04,0.006840,01/30/2025 12:35:43 pm,0.140,1.23,0.01,-0.44,0.007145,01/30/2025 12:37:41 pm,0.140,1.21,-0.01,0.01,0.007048,01/30/2025 12:38:50 pm,0.140,1.03,0.05,1.00,0.006011,01/30/2025 12:39:31 pm,0.140,1.16,-0.03,-3.64,0.006762,01/30/2025 12:40:09 pm,0.140,1.01,0.00,-0.02,0.005847,01/30/2025 12:41:22 pm,0.140,0.98,0.01,-0.06,0.005706,01/30/2025 12:41:49 pm,0.140,0.92,-0.01,-0.50,0.005370,01/30/2025 12:42:32 pm,0.140,1.03,-0.03,-0.04,0.006011
01/30/2025 12:33:01 pm,0.160,1.24,0.04,-1.04,0.007234,01/30/2025 12:35:04 pm,0.160,1.18,0.01,-0.05,0.006841,01/30/2025 12:35:43 pm,0.160,1.23,-0.02,-0.73,0.007144,01/30/2025 12:37:41 pm,0.160,1.21,-0.01,0.02,0.007047,01/30/2025 12:38:50 pm,0.160,1.03,0.07,-0.50,0.006011,01/30/2025 12:39:31 pm,0.160,1.16,-0.11,-0.99,0.006715,01/30/2025 12:40:09 pm,0.160,1.01,0.00,-0.04,0.005847,01/30/2025 12:41:22 pm,0.160,0.98,0.01,-0.14,0.005707,01/30/2025 12:41:49 pm,0.160,0.92,-0.03,-0.27,0.005370,01/30/2025 12:42:32 pm,0.160,1.03,-0.03,0.06,0.006007
01/30/2025 12:33:01 pm,0.180,1.25,0.01,-1.87,0.007253,01/30/2025 12:35:04 pm,0.180,1.18,0.01,-0.11,0.006842,01/30/2025 12:35:43 pm,0.180,1.23,-0.04,-0.15,0.007144,01/30/2025 12:37:41 pm,0.180,1.21,-0.01,-0.01,0.007047,01/30/2025 12:38:50 pm,0.180,1.04,0.04,-2.23,0.006031,01/30/2025 12:39:31 pm,0.180,1.16,-0.02,0.23,0.006736,01/30/2025 12:40:09 pm,0.180,1.01,0.00,-0.13,0.005848,01/30/2025 12:41:22 pm,0.180,0.98,0.01,-0.10,0.005708,01/30/2025 12:41:49 pm,0.180,0.92,-0.03,0.33,0.005360,01/30/2025 12:42:32 pm,0.180,1.03,-0.03,0.34,0.006002
01/30/2025 12:33:01 pm,0.200,1.25,-0.05,-1.76,0.007239,01/30/2025 12:35:04 pm,0.200,1.18,0.00,-0.17,0.006842,01/30/2025 12:35:43 pm,0.200,1.23,-0.03,0.70,0.007131,01/30/2025 12:37:41 pm,0.200,1.21,-0.01,0.01,0.007046,01/30/2025 12:38:50 pm,0.200,1.04,-0.04,-2.55,0.006034,01/30/2025 12:39:31 pm,0.200,1.16,-0.01,-0.83,0.006733,01/30/2025 12:40:09 pm,0.200,1.01,6.29E-4,-0.01,0.005848,01/30/2025 12:41:22 pm,0.200,0.98,0.00,-0.04,0.005708,01/30/2025 12:41:49 pm,0.200,0.92,-0.01,0.70,0.005359,01/30/2025 12:42:32 pm,0.200,1.03,-0.02,1.10,0.006000
01/30/2025 12:33:01 pm,0.220,1.24,-0.09,-0.56,0.007237,01/30/2025 12:35:04 pm,0.220,1.18,-6.98E-4,-0.19,0.006843,01/30/2025 12:35:43 pm,0.220,1.23,8.18E-4,0.66,0.007130,01/30/2025 12:37:41 pm,0.220,1.21,-0.01,-0.07,0.007045,01/30/2025 12:38:50 pm,0.220,1.03,-0.10,-1.05,0.006017,01/30/2025 12:39:31 pm,0.220,1.16,-0.10,-1.68,0.006730,01/30/2025 12:40:09 pm,0.220,1.01,-0.01,0.41,0.005848,01/30/2025 12:41:22 pm,0.220,0.98,0.00,0.01,0.005709,01/30/2025 12:41:49 pm,0.220,0.92,0.01,0.34,0.005361,01/30/2025 12:42:32 pm,0.220,1.03,0.00,1.63,0.005998
01/30/2025 12:33:01 pm,0.240,1.24,-0.07,0.80,0.007217,01/30/2025 12:35:04 pm,0.240,1.18,-0.01,-0.09,0.006842,01/30/2025 12:35:43 pm,0.240,1.23,0.02,-0.27,0.007138,01/30/2025 12:37:41 pm,0.240,1.21,0.00,-0.36,0.007044,01/30/2025 12:38:50 pm,0.240,1.03,-0.09,0.86,0.005997,01/30/2025 12:39:31 pm,0.240,1.15,-0.13,-0.34,0.006710,01/30/2025 12:40:09 pm,0.240,1.01,0.01,0.30,0.005847,01/30/2025 12:41:22 pm,0.240,0.98,0.01,-0.03,0.005709,01/30/2025 12:41:49 pm,0.240,0.92,0.02,-0.65,0.005364,01/30/2025 12:42:32 pm,0.240,1.03,0.07,0.78,0.005995
01/30/2025 12:33:01 pm,0.260,1.24,-0.04,1.28,0.007215,01/30/2025 12:35:04 pm,0.260,1.18,-0.01,0.06,0.006841,01/30/2025 12:35:43 pm,0.260,1.23,-0.01,-1.07,0.007137,01/30/2025 12:37:41 pm,0.260,1.21,-0.02,-0.63,0.007044,01/30/2025 12:38:50 pm,0.260,1.03,-0.04,1.56,0.005994,01/30/2025 12:39:31 pm,0.260,1.15,-0.11,1.59,0.006689,01/30/2025 12:40:09 pm,0.260,1.01,0.04,-1.53,0.005844,01/30/2025 12:41:22 pm,0.260,0.98,0.01,-0.15,0.005710,01/30/2025 12:41:49 pm,0.260,0.92,-0.01,-1.81,0.005360,01/30/2025 12:42:32 pm,0.260,1.03,0.07,-1.35,0.006010
01/30/2025 12:33:01 pm,0.280,1.24,0.00,0.93,0.007215,01/30/2025 12:35:04 pm,0.280,1.18,-9.81E-4,0.31,0.006840,01/30/2025 12:35:43 pm,0.280,1.23,-0.05,-0.94,0.007137,01/30/2025 12:37:41 pm,0.280,1.21,-0.04,-0.46,0.007045,01/30/2025 12:38:50 pm,0.280,1.03,-0.01,1.17,0.005994,01/30/2025 12:39:31 pm,0.280,1.15,-0.05,2.26,0.006684,01/30/2025 12:40:09 pm,0.280,1.01,-0.01,-4.82,0.005862,01/30/2025 12:41:22 pm,0.280,0.98,-4.10E-4,-0.26,0.005711,01/30/2025 12:41:49 pm,0.280,0.92,-0.06,-2.67,0.005370,01/30/2025 12:42:32 pm,0.280,1.04,0.00,-2.69,0.006038
01/30/2025 12:33:01 pm,0.300,1.24,0.00,0.68,0.007215,01/30/2025 12:35:04 pm,0.300,1.18,0.00,0.61,0.006841,01/30/2025 12:35:43 pm,0.300,1.23,-0.06,-0.09,0.007123,01/30/2025 12:37:41 pm,0.300,1.21,-0.05,0.14,0.007031,01/30/2025 12:38:50 pm,0.300,1.03,0.00,0.97,0.005994,01/30/2025 12:39:31 pm,0.300,1.15,0.01,1.57,0.006681,01/30/2025 12:40:09 pm,0.300,1.01,-0.17,-7.09,0.005861,01/30/2025 12:41:22 pm,0.300,0.98,-0.01,-0.26,0.005710,01/30/2025 12:41:49 pm,0.300,0.92,-0.13,-2.89,0.005346,01/30/2025 12:42:32 pm,0.300,1.03,-0.09,-1.88,0.006006
01/30/2025 12:33:01 pm,0.320,1.24,0.01,0.83,0.007216,01/30/2025 12:35:04 pm,0.320,1.18,0.02,0.63,0.006842,01/30/2025 12:35:43 pm,0.320,1.22,-0.05,0.38,0.007119,01/30/2025 12:37:41 pm,0.320,1.21,-0.03,0.56,0.007029,01/30/2025 12:38:50 pm,0.320,1.03,0.02,1.33,0.005994,01/30/2025 12:39:31 pm,0.320,1.15,0.03,2.19,0.006685,01/30/2025 12:40:09 pm,0.320,1.00,-0.36,-6.79,0.005823,01/30/2025 12:41:22 pm,0.320,0.98,-0.01,-0.17,0.005708,01/30/2025 12:41:49 pm,0.320,0.92,-0.19,-2.61,0.005334,01/30/2025 12:42:32 pm,0.320,1.03,-0.09,-1.14,0.005997
01/30/2025 12:33:01 pm,0.340,1.24,0.04,0.61,0.007218,01/30/2025 12:35:04 pm,0.340,1.18,0.04,-0.09,0.006841,01/30/2025 12:35:43 pm,0.340,1.22,-0.03,0.14,0.007116,01/30/2025 12:37:41 pm,0.340,1.21,-0.01,0.52,0.007028,01/30/2025 12:38:50 pm,0.340,1.03,0.06,1.33,0.005993,01/30/2025 12:39:31 pm,0.340,1.15,0.01,5.97,0.006694,01/30/2025 12:40:09 pm,0.340,0.99,-0.46,-2.79,0.005765,01/30/2025 12:41:22 pm,0.340,0.98,-0.01,-0.08,0.005707,01/30/2025 12:41:49 pm,0.340,0.91,-0.24,-2.40,0.005307,01/30/2025 12:42:32 pm,0.340,1.03,-0.06,-1.23,0.005992
01/30/2025 12:33:01 pm,0.360,1.24,0.06,-0.71,0.007217,01/30/2025 12:35:04 pm,0.360,1.18,0.03,4.85,0.006856,01/30/2025 12:35:43 pm,0.360,1.22,-0.04,-0.20,0.007113,01/30/2025 12:37:41 pm,0.360,1.21,-0.01,0.40,0.007027,01/30/2025 12:38:50 pm,0.360,1.03,0.09,0.04,0.006006,01/30/2025 12:39:31 pm,0.360,1.15,0.22,8.72,0.006689,01/30/2025 12:40:09 pm,0.360,0.98,-0.53,2.68,0.005708,01/30/2025 12:41:22 pm,0.360,0.98,-0.01,-0.04,0.005705,01/30/2025 12:41:49 pm,0.360,0.91,-0.27,-2.94,0.005277,01/30/2025 12:42:32 pm,0.360,1.03,-0.16,-1.28,0.005989
01/30/2025 12:33:01 pm,0.380,1.25,0.02,-2.02,0.007240,01/30/2025 12:35:04 pm,0.380,1.18,-0.02,15.79,0.006857,01/30/2025 12:35:43 pm,0.380,1.22,-0.05,0.07,0.007111,01/30/2025 12:37:41 pm,0.380,1.21,-0.01,0.51,0.007026,01/30/2025 12:38:50 pm,0.380,1.04,0.08,-2.09,0.006023,01/30/2025 12:39:31 pm,0.380,1.15,0.53,3.64,0.006682,01/30/2025 12:40:09 pm,0.380,0.97,-0.33,5.44,0.005653,01/30/2025 12:41:22 pm,0.380,0.98,-0.02,-0.06,0.005703,01/30/2025 12:41:49 pm,0.380,0.90,-0.33,-4.17,0.005238,01/30/2025 12:42:32 pm,0.380,1.03,-0.16,0.96,0.005971
01/30/2025 12:33:01 pm,0.400,1.25,-0.06,-1.49,0.007239,01/30/2025 12:35:04 pm,0.400,1.18,0.67,20.95,0.006850,01/30/2025 12:35:43 pm,0.400,1.22,-0.05,0.90,0.007097,01/30/2025 12:37:41 pm,0.400,1.21,0.01,0.56,0.007026,01/30/2025 12:38:50 pm,0.400,1.04,0.00,-3.40,0.006029,01/30/2025 12:39:31 pm,0.400,1.18,0.55,-9.73,0.006848,01/30/2025 12:40:09 pm,0.400,0.96,-0.17,2.55,0.005566,01/30/2025 12:41:22 pm,0.400,0.98,-0.02,-0.13,0.005702,01/30/2025 12:41:49 pm,0.400,0.90,-0.44,-5.08,0.005214,01/30/2025 12:42:32 pm,0.400,1.02,-0.14,4.63,0.005904
01/30/2025 12:33:01 pm,0.420,1.24,-0.08,0.28,0.007210,01/30/2025 12:35:04 pm,0.420,1.18,1.30,9.26,0.006833,01/30/2025 12:35:43 pm,0.420,1.22,-0.01,1.29,0.007096,01/30/2025 12:37:41 pm,0.420,1.21,0.03,-0.12,0.007025,01/30/2025 12:38:50 pm,0.420,1.04,-0.10,-2.78,0.006025,01/30/2025 12:39:31 pm,0.420,1.19,0.12,-19.88,0.006909,01/30/2025 12:40:09 pm,0.420,0.98,-0.17,-4.25,0.005676,01/30/2025 12:41:22 pm,0.420,0.98,-0.02,-0.20,0.005699,01/30/2025 12:41:49 pm,0.420,0.88,-0.56,-4.65,0.005137,01/30/2025 12:42:32 pm,0.420,1.03,0.04,5.37,0.005964
01/30/2025 12:33:01 pm,0.440,1.24,-0.01,0.83,0.007204,01/30/2025 12:35:04 pm,0.440,1.26,1.22,-14.09,0.007346,01/30/2025 12:35:43 pm,0.440,1.22,0.03,0.82,0.007097,01/30/2025 12:37:41 pm,0.440,1.21,0.02,-1.33,0.007038,01/30/2025 12:38:50 pm,0.440,1.03,-0.14,-0.94,0.006003,01/30/2025 12:39:31 pm,0.440,1.18,-0.53,-17.03,0.006845,01/30/2025 12:40:09 pm,0.440,0.96,-0.38,-8.48,0.005568,01/30/2025 12:41:22 pm,0.440,0.98,-0.03,-0.20,0.005697,01/30/2025 12:41:49 pm,0.440,0.87,-0.65,-3.25,0.005069,01/30/2025 12:42:32 pm,0.440,1.01,0.20,1.62,0.005895
01/30/2025 12:33:01 pm,0.460,1.24,0.01,-0.44,0.007220,01/30/2025 12:35:04 pm,0.460,1.25,0.53,-26.44,0.007271,01/30/2025 12:35:43 pm,0.460,1.22,0.03,0.18,0.007106,01/30/2025 12:37:41 pm,0.460,1.21,-0.03,-1.91,0.007035,01/30/2025 12:38:50 pm,0.460,1.03,-0.12,1.54,0.005982,01/30/2025 12:39:31 pm,0.460,1.16,-0.77,-2.73,0.006766,01/30/2025 12:40:09 pm,0.460,0.95,-0.63,-9.33,0.005532,01/30/2025 12:41:22 pm,0.460,0.98,-0.03,-0.11,0.005695,01/30/2025 12:41:49 pm,0.460,0.86,-0.68,-1.71,0.004989,01/30/2025 12:42:32 pm,0.460,1.03,0.14,-5.76,0.006004
01/30/2025 12:33:01 pm,0.480,1.24,-0.05,-1.59,0.007218,01/30/2025 12:35:04 pm,0.480,1.25,-0.25,-22.14,0.007266,01/30/2025 12:35:43 pm,0.480,1.22,0.01,0.09,0.007107,01/30/2025 12:37:41 pm,0.480,1.21,-0.09,-1.23,0.007033,01/30/2025 12:38:50 pm,0.480,1.03,-0.09,3.50,0.005976,01/30/2025 12:39:31 pm,0.480,1.14,-0.61,9.97,0.006619,01/30/2025 12:40:09 pm,0.480,0.94,-0.73,-8.65,0.005444,01/30/2025 12:41:22 pm,0.480,0.98,-0.03,-0.06,0.005688,01/30/2025 12:41:49 pm,0.480,0.84,-0.71,-1.15,0.004908,01/30/2025 12:42:32 pm,0.480,1.03,-0.06,-9.92,0.006001
01/30/2025 12:33:01 pm,0.500,1.24,-0.10,-1.36,0.007200,01/30/2025 12:35:04 pm,0.500,1.25,-0.39,-9.14,0.007285,01/30/2025 12:35:43 pm,0.500,1.22,0.03,1.09,0.007107,01/30/2025 12:37:41 pm,0.500,1.21,-0.09,0.54,0.007009,01/30/2025 12:38:50 pm,0.500,1.03,0.04,3.15,0.005970,01/30/2025 12:39:31 pm,0.500,1.13,-0.14,11.35,0.006595,01/30/2025 12:40:09 pm,0.500,0.92,-0.94,-8.14,0.005363,01/30/2025 12:41:22 pm,0.500,0.98,-0.03,-0.20,0.005688,01/30/2025 12:41:49 pm,0.500,0.83,-0.71,-2.07,0.004821,01/30/2025 12:42:32 pm,0.500,1.02,-0.40,-7.32,0.005957
01/30/2025 12:33:01 pm,0.520,1.24,-0.10,-0.28,0.007190,01/30/2025 12:35:04 pm,0.520,1.23,-0.51,2.48,0.007154,01/30/2025 12:35:43 pm,0.520,1.22,0.04,2.49,0.007106,01/30/2025 12:37:41 pm,0.520,1.20,-0.06,1.29,0.007003,01/30/2025 12:38:50 pm,0.520,1.02,0.12,-0.94,0.005949,01/30/2025 12:39:31 pm,0.520,1.13,0.03,4.27,0.006591,01/30/2025 12:40:09 pm,0.520,0.90,-1.10,-6.83,0.005227,01/30/2025 12:41:22 pm,0.520,0.98,-0.04,-0.33,0.005684,01/30/2025 12:41:49 pm,0.520,0.82,-0.77,-4.00,0.004741,01/30/2025 12:42:32 pm,0.520,1.02,-0.45,-1.98,0.005902
01/30/2025 12:33:01 pm,0.540,1.23,-0.10,0.46,0.007179,01/30/2025 12:35:04 pm,0.540,1.22,-0.31,5.01,0.007111,01/30/2025 12:35:43 pm,0.540,1.23,0.13,2.78,0.007125,01/30/2025 12:37:41 pm,0.540,1.20,0.01,2.42,0.007001,01/30/2025 12:38:50 pm,0.540,1.04,0.05,-6.40,0.006039,01/30/2025 12:39:31 pm,0.540,1.15,-0.05,-3.45,0.006699,01/30/2025 12:40:09 pm,0.540,0.88,-1.23,-4.28,0.005092,01/30/2025 12:41:22 pm,0.540,0.98,-0.05,-0.37,0.005679,01/30/2025 12:41:49 pm,0.540,0.80,-0.88,-5.48,0.004662,01/30/2025 12:42:32 pm,0.540,1.00,-0.34,0.26,0.005821
01/30/2025 12:33:01 pm,0.560,1.23,-0.08,-0.08,0.007169,01/30/2025 12:35:04 pm,0.560,1.22,-0.04,-0.25,0.007087,01/30/2025 12:35:43 pm,0.560,1.22,0.21,1.23,0.007119,01/30/2025 12:37:41 pm,0.560,1.20,-0.03,4.21,0.006996,01/30/2025 12:38:50 pm,0.560,1.03,-0.21,-7.86,0.005991,01/30/2025 12:39:31 pm,0.560,1.12,-0.19,-6.79,0.006534,01/30/2025 12:40:09 pm,0.560,0.85,-1.26,-2.71,0.004945,01/30/2025 12:41:22 pm,0.560,0.98,-0.05,-0.35,0.005672,01/30/2025 12:41:49 pm,0.560,0.78,-1.02,-4.50,0.004532,01/30/2025 12:42:32 pm,0.560,1.00,-0.35,-2.49,0.005823
01/30/2025 12:33:01 pm,0.580,1.23,-0.07,-3.68,0.007148,01/30/2025 12:35:04 pm,0.580,1.23,-0.26,-7.82,0.007137,01/30/2025 12:35:43 pm,0.580,1.24,0.20,-2.15,0.007186,01/30/2025 12:37:41 pm,0.580,1.21,0.17,4.01,0.007025,01/30/2025 12:38:50 pm,0.580,1.03,-0.40,-4.44,0.005960,01/30/2025 12:39:31 pm,0.580,1.14,-0.34,-9.15,0.006619,01/30/2025 12:40:09 pm,0.580,0.82,-1.30,-2.70,0.004787,01/30/2025 12:41:22 pm,0.580,0.97,-0.06,-0.44,0.005666,01/30/2025 12:41:49 pm,0.580,0.76,-1.11,-2.20,0.004415,01/30/2025 12:42:32 pm,0.580,1.00,-0.47,-5.16,0.005797
01/30/2025 12:33:01 pm,0.600,1.23,-0.15,-7.09,0.007168,01/30/2025 12:35:04 pm,0.600,1.22,-0.59,-5.55,0.007102,01/30/2025 12:35:43 pm,0.600,1.24,0.13,-5.19,0.007190,01/30/2025 12:37:41 pm,0.600,1.20,0.28,-0.79,0.006956,01/30/2025 12:38:50 pm,0.600,1.01,-0.38,-1.74,0.005882,01/30/2025 12:39:31 pm,0.600,1.13,-0.50,-10.82,0.006541,01/30/2025 12:40:09 pm,0.600,0.80,-1.36,-3.42,0.004651,01/30/2025 12:41:22 pm,0.600,0.97,-0.07,-0.82,0.005662,01/30/2025 12:41:49 pm,0.600,0.74,-1.08,-0.84,0.004276,01/30/2025 12:42:32 pm,0.600,0.98,-0.62,-2.00,0.005681
01/30/2025 12:33:01 pm,0.620,1.23,-0.48,-4.49,0.007132,01/30/2025 12:35:04 pm,0.620,1.19,-0.70,4.66,0.006915,01/30/2025 12:35:43 pm,0.620,1.24,-0.04,-5.91,0.007192,01/30/2025 12:37:41 pm,0.620,1.23,0.18,-8.84,0.007159,01/30/2025 12:38:50 pm,0.620,1.01,-0.31,-5.04,0.005872,01/30/2025 12:39:31 pm,0.620,1.11,-0.83,-10.80,0.006457,01/30/2025 12:40:09 pm,0.620,0.77,-1.46,-3.65,0.004481,01/30/2025 12:41:22 pm,0.620,0.97,-0.08,-1.48,0.005648,01/30/2025 12:41:49 pm,0.620,0.71,-1.09,-1.29,0.004144,01/30/2025 12:42:32 pm,0.620,0.97,-0.69,2.98,0.005637
01/30/2025 12:33:01 pm,0.640,1.22,-0.52,-3.17,0.007083,01/30/2025 12:35:04 pm,0.640,1.19,-0.27,8.91,0.006898,01/30/2025 12:35:43 pm,0.640,1.24,-0.17,-2.76,0.007201,01/30/2025 12:37:41 pm,0.640,1.21,-0.13,-12.67,0.007060,01/30/2025 12:38:50 pm,0.640,1.00,-0.50,-11.31,0.005814,01/30/2025 12:39:31 pm,0.640,1.09,-0.99,-8.95,0.006350,01/30/2025 12:40:09 pm,0.640,0.74,-1.51,-3.80,0.004301,01/30/2025 12:41:22 pm,0.640,0.97,-0.12,-2.43,0.005643,01/30/2025 12:41:49 pm,0.640,0.70,-1.14,-1.93,0.004053,01/30/2025 12:42:32 pm,0.640,0.95,-0.37,2.50,0.005547
01/30/2025 12:33:01 pm,0.660,1.19,-0.23,-13.39,0.006902,01/30/2025 12:35:04 pm,0.660,1.18,-0.02,3.69,0.006853,01/30/2025 12:35:43 pm,0.660,1.23,-0.21,2.95,0.007144,01/30/2025 12:37:41 pm,0.660,1.21,-0.47,-12.39,0.007044,01/30/2025 12:38:50 pm,0.660,1.00,-0.88,-13.36,0.005809,01/30/2025 12:39:31 pm,0.660,1.07,-1.14,-6.63,0.006229,01/30/2025 12:40:09 pm,0.660,0.71,-1.58,-4.14,0.004121,01/30/2025 12:41:22 pm,0.660,0.97,-0.18,-3.48,0.005626,01/30/2025 12:41:49 pm,0.660,0.67,-1.20,-1.34,0.003878,01/30/2025 12:42:32 pm,0.660,0.94,-0.37,-4.75,0.005446
01/30/2025 12:33:01 pm,0.680,1.21,-0.77,-29.26,0.007037,01/30/2025 12:35:04 pm,0.680,1.20,-0.19,-2.33,0.006978,01/30/2025 12:35:43 pm,0.680,1.22,-0.04,6.91,0.007117,01/30/2025 12:37:41 pm,0.680,1.20,-0.59,-11.07,0.006977,01/30/2025 12:38:50 pm,0.680,0.96,-1.17,-8.68,0.005598,01/30/2025 12:39:31 pm,0.680,1.05,-1.26,-5.30,0.006080,01/30/2025 12:40:09 pm,0.680,0.68,-1.69,-3.89,0.003954,01/30/2025 12:41:22 pm,0.680,0.96,-0.26,-4.43,0.005598,01/30/2025 12:41:49 pm,0.680,0.64,-1.20,-0.97,0.003745,01/30/2025 12:42:32 pm,0.680,0.97,-0.65,-10.60,0.005616
01/30/2025 12:33:01 pm,0.700,1.21,-1.83,-29.90,0.007014,01/30/2025 12:35:04 pm,0.700,1.17,-0.33,-0.12,0.006820,01/30/2025 12:35:43 pm,0.700,1.23,0.17,4.42,0.007129,01/30/2025 12:37:41 pm,0.700,1.19,-0.86,-10.35,0.006911,01/30/2025 12:38:50 pm,0.700,0.94,-1.25,-1.63,0.005473,01/30/2025 12:39:31 pm,0.700,1.02,-1.35,-3.85,0.005929,01/30/2025 12:40:09 pm,0.700,0.64,-1.78,-2.35,0.003724,01/30/2025 12:41:22 pm,0.700,0.96,-0.36,-5.09,0.005567,01/30/2025 12:41:49 pm,0.700,0.62,-1.19,-1.47,0.003617,01/30/2025 12:42:32 pm,0.700,0.91,-0.98,-6.25,0.005313
01/30/2025 12:33:01 pm,0.720,1.11,-2.43,-12.17,0.006433,01/30/2025 12:35:04 pm,0.720,1.17,-0.24,4.09,0.006796,01/30/2025 12:35:43 pm,0.720,1.24,0.27,-3.63,0.007190,01/30/2025 12:37:41 pm,0.720,1.17,-1.08,-8.91,0.006783,01/30/2025 12:38:50 pm,0.720,0.92,-1.18,4.86,0.005335,01/30/2025 12:39:31 pm,0.720,0.99,-1.41,-3.05,0.005770,01/30/2025 12:40:09 pm,0.720,0.61,-1.79,-0.74,0.003519,01/30/2025 12:41:22 pm,0.720,0.95,-0.47,-5.23,0.005518,01/30/2025 12:41:49 pm,0.720,0.60,-1.26,-1.99,0.003478,01/30/2025 12:42:32 pm,0.720,0.90,-1.03,0.83,0.005227
01/30/2025 12:33:01 pm,0.740,1.07,-2.16,1.02,0.006227,01/30/2025 12:35:04 pm,0.740,1.17,0.01,3.17,0.006807,01/30/2025 12:35:43 pm,0.740,1.24,0.01,-8.54,0.007191,01/30/2025 12:37:41 pm,0.740,1.14,-1.23,-5.85,0.006639,01/30/2025 12:38:50 pm,0.740,0.89,-1.07,6.24,0.005202,01/30/2025 12:39:31 pm,0.740,0.96,-1.46,-3.24,0.005594,01/30/2025 12:40:09 pm,0.740,0.57,-1.77,-0.52,0.003317,01/30/2025 12:41:22 pm,0.740,0.94,-0.58,-5.13,0.005453,01/30/2025 12:41:49 pm,0.740,0.57,-1.31,-1.63,0.003312,01/30/2025 12:42:32 pm,0.740,0.89,-0.74,3.36,0.005150
01/30/2025 12:33:01 pm,0.760,1.05,-1.90,-0.12,0.006128,01/30/2025 12:35:04 pm,0.760,1.17,-0.04,0.52,0.006823,01/30/2025 12:35:43 pm,0.760,1.25,-0.31,-5.41,0.007243,01/30/2025 12:37:41 pm,0.760,1.12,-1.29,-3.95,0.006499,01/30/2025 12:38:50 pm,0.760,0.87,-0.76,-2.12,0.005048,01/30/2025 12:39:31 pm,0.760,0.93,-1.53,-3.83,0.005430,01/30/2025 12:40:09 pm,0.760,0.54,-1.79,-1.40,0.003115,01/30/2025 12:41:22 pm,0.760,0.93,-0.67,-5.06,0.005381,01/30/2025 12:41:49 pm,0.760,0.54,-1.32,-0.96,0.003168,01/30/2025 12:42:32 pm,0.760,0.87,-0.79,1.43,0.005063
01/30/2025 12:33:01 pm,0.780,1.00,-2.24,-4.56,0.005812,01/30/2025 12:35:04 pm,0.780,1.17,-0.15,0.72,0.006801,01/30/2025 12:35:43 pm,0.780,1.22,-0.27,2.90,0.007082,01/30/2025 12:37:41 pm,0.780,1.09,-1.35,-3.96,0.006342,01/30/2025 12:38:50 pm,0.780,0.86,-0.91,-16.49,0.005012,01/30/2025 12:39:31 pm,0.780,0.90,-1.63,-3.88,0.005253,01/30/2025 12:40:09 pm,0.780,0.50,-1.84,-1.98,0.002895,01/30/2025 12:41:22 pm,0.780,0.91,-0.78,-4.91,0.005299,01/30/2025 12:41:49 pm,0.780,0.52,-1.33,-0.81,0.003013,01/30/2025 12:42:32 pm,0.780,0.85,-0.81,-0.22,0.004961
01/30/2025 12:33:01 pm,0.800,0.95,-2.37,-2.90,0.005520,01/30/2025 12:35:04 pm,0.800,1.17,-0.02,2.65,0.006774,01/30/2025 12:35:43 pm,0.800,1.22,-0.10,4.57,0.007082,01/30/2025 12:37:41 pm,0.800,1.06,-1.43,-4.31,0.006181,01/30/2025 12:38:50 pm,0.800,0.86,-1.59,-24.19,0.004994,01/30/2025 12:39:31 pm,0.800,0.87,-1.70,-3.51,0.005046,01/30/2025 12:40:09 pm,0.800,0.46,-1.88,-1.76,0.002693,01/30/2025 12:41:22 pm,0.800,0.89,-0.88,-4.26,0.005203,01/30/2025 12:41:49 pm,0.800,0.49,-1.36,-0.81,0.002855,01/30/2025 12:42:32 pm,0.800,0.84,-0.78,0.17,0.004867
01/30/2025 12:33:01 pm,0.820,0.91,-2.24,0.08,0.005273,01/30/2025 12:35:04 pm,0.820,1.16,0.08,0.02,0.006754,01/30/2025 12:35:43 pm,0.820,1.23,0.14,-4.15,0.007162,01/30/2025 12:37:41 pm,0.820,1.03,-1.56,-4.16,0.006016,01/30/2025 12:38:50 pm,0.820,0.79,-2.22,-16.50,0.004619,01/30/2025 12:39:31 pm,0.820,0.83,-1.75,-3.52,0.004842,01/30/2025 12:40:09 pm,0.820,0.42,-1.91,-1.33,0.002457,01/30/2025 12:41:22 pm,0.820,0.88,-0.96,-3.06,0.005088,01/30/2025 12:41:49 pm,0.820,0.46,-1.37,-0.63,0.002697,01/30/2025 12:42:32 pm,0.820,0.82,-0.77,-0.39,0.004779
01/30/2025 12:33:01 pm,0.840,0.86,-2.25,-1.70,0.005017,01/30/2025 12:35:04 pm,0.840,1.18,0.05,-7.07,0.006855,01/30/2025 12:35:43 pm,0.840,1.22,-0.18,-15.33,0.007097,01/30/2025 12:37:41 pm,0.840,1.00,-1.59,-4.50,0.005828,01/30/2025 12:38:50 pm,0.840,0.75,-2.35,-3.50,0.004332,01/30/2025 12:39:31 pm,0.840,0.80,-1.83,-3.86,0.004657,01/30/2025 12:40:09 pm,0.840,0.38,-1.93,-1.56,0.002237,01/30/2025 12:41:22 pm,0.840,0.86,-1.00,-2.06,0.004976,01/30/2025 12:41:49 pm,0.840,0.44,-1.38,-0.45,0.002537,01/30/2025 12:42:32 pm,0.840,0.81,-0.81,-1.00,0.004699
01/30/2025 12:33:01 pm,0.860,0.82,-2.35,-4.78,0.004750,01/30/2025 12:35:04 pm,0.860,1.17,-0.22,-12.53,0.006775,01/30/2025 12:35:43 pm,0.860,1.23,-0.69,-10.74,0.007169,01/30/2025 12:37:41 pm,0.860,0.96,-1.68,-5.97,0.005605,01/30/2025 12:38:50 pm,0.860,0.71,-2.13,2.95,0.004124,01/30/2025 12:39:31 pm,0.860,0.76,-1.92,-3.59,0.004421,01/30/2025 12:40:09 pm,0.860,0.35,-1.95,-2.28,0.002019,01/30/2025 12:41:22 pm,0.860,0.84,-1.02,-1.50,0.004857,01/30/2025 12:41:49 pm,0.860,0.41,-1.39,-0.49,0.002374,01/30/2025 12:42:32 pm,0.860,0.79,-0.84,-0.78,0.004588
01/30/2025 12:33:01 pm,0.880,0.77,-2.46,-6.01,0.004475,01/30/2025 12:35:04 pm,0.880,1.17,-0.57,-13.68,0.006791,01/30/2025 12:35:43 pm,0.880,1.20,-1.10,6.47,0.006951,01/30/2025 12:37:41 pm,0.880,0.94,-1.85,-7.29,0.005479,01/30/2025 12:38:50 pm,0.880,0.66,-2.10,2.13,0.003847,01/30/2025 12:39:31 pm,0.880,0.72,-1.99,-2.96,0.004194,01/30/2025 12:40:09 pm,0.880,0.31,-2.03,-2.49,0.001786,01/30/2025 12:41:22 pm,0.880,0.81,-1.06,-1.78,0.004734,01/30/2025 12:41:49 pm,0.880,0.38,-1.40,-0.60,0.002216,01/30/2025 12:42:32 pm,0.880,0.77,-0.84,-0.40,0.004495
01/30/2025 12:33:01 pm,0.900,0.72,-2.60,-5.92,0.004176,01/30/2025 12:35:04 pm,0.900,1.15,-0.80,-10.86,0.006667,01/30/2025 12:35:43 pm,0.900,1.17,-0.22,7.57,0.006828,01/30/2025 12:37:41 pm,0.900,0.89,-2.02,-5.87,0.005191,01/30/2025 12:38:50 pm,0.900,0.62,-2.12,-0.15,0.003619,01/30/2025 12:39:31 pm,0.900,0.68,-2.02,-2.39,0.003963,01/30/2025 12:40:09 pm,0.900,0.27,-2.08,0.12,0.001547,01/30/2025 12:41:22 pm,0.900,0.79,-1.08,-3.09,0.004615,01/30/2025 12:41:49 pm,0.900,0.35,-1.41,-0.70,0.002051,01/30/2025 12:42:32 pm,0.900,0.76,-0.84,-0.58,0.004400
01/30/2025 12:33:01 pm,0.920,0.67,-2.72,-5.07,0.003872,01/30/2025 12:35:04 pm,0.920,1.13,-1.01,-7.75,0.006563,01/30/2025 12:35:43 pm,0.920,1.15,0.13,-17.75,0.006668,01/30/2025 12:37:41 pm,0.920,0.85,-2.13,-3.64,0.004953,01/30/2025 12:38:50 pm,0.920,0.58,-2.11,-0.65,0.003370,01/30/2025 12:39:31 pm,0.920,0.64,-2.09,-2.14,0.003728,01/30/2025 12:40:09 pm,0.920,0.22,-2.10,6.11,0.001295,01/30/2025 12:41:22 pm,0.920,0.77,-1.16,-4.68,0.004475,01/30/2025 12:41:49 pm,0.920,0.32,-1.42,-0.79,0.001886,01/30/2025 12:42:32 pm,0.920,0.74,-0.86,-1.19,0.004300
01/30/2025 12:33:01 pm,0.940,0.61,-2.81,-3.38,0.003540,01/30/2025 12:35:04 pm,0.940,1.11,-1.09,-6.29,0.006445,01/30/2025 12:35:43 pm,0.940,1.26,-1.01,-43.37,0.007300,01/30/2025 12:37:41 pm,0.940,0.81,-2.11,-2.47,0.004720,01/30/2025 12:38:50 pm,0.940,0.54,-2.14,-1.01,0.003122,01/30/2025 12:39:31 pm,0.940,0.60,-2.11,-2.12,0.003479,01/30/2025 12:40:09 pm,0.940,0.18,-1.87,187.98,0.001056,01/30/2025 12:41:22 pm,0.940,0.75,-1.30,-5.27,0.004363,01/30/2025 12:41:49 pm,0.940,0.30,-1.44,-0.75,0.001720,01/30/2025 12:42:32 pm,0.940,0.72,-0.89,-1.11,0.004200
01/30/2025 12:33:01 pm,0.960,0.55,-2.87,-1.46,0.003215,01/30/2025 12:35:04 pm,0.960,1.09,-1.22,-6.04,0.006310,01/30/2025 12:35:43 pm,0.960,1.13,-2.44,-32.40,0.006569,01/30/2025 12:37:41 pm,0.960,0.77,-2.20,-2.67,0.004467,01/30/2025 12:38:50 pm,0.960,0.49,-2.16,-1.45,0.002874,01/30/2025 12:39:31 pm,0.960,0.55,-2.15,-2.33,0.003224,01/30/2025 12:40:09 pm,0.960,0.14,-1.51,542.72,8.127270E-4,01/30/2025 12:41:22 pm,0.960,0.72,-1.41,-3.92,0.004174,01/30/2025 12:41:49 pm,0.960,0.27,-1.46,-0.41,0.001554,01/30/2025 12:42:32 pm,0.960,0.70,-0.93,-0.21,0.004098
01/30/2025 12:33:01 pm,0.980,0.49,-2.86,-0.42,0.002875,01/30/2025 12:35:04 pm,0.980,1.06,-1.35,-6.40,0.006161,01/30/2025 12:35:43 pm,0.980,1.07,-2.85,-2.05,0.006220,01/30/2025 12:37:41 pm,0.980,0.72,-2.25,-3.21,0.004205,01/30/2025 12:38:50 pm,0.980,0.45,-2.19,-1.79,0.002621,01/30/2025 12:39:31 pm,0.980,0.51,-2.21,-2.56,0.002994,01/30/2025 12:40:09 pm,0.980,0.12,19.89,718.42,7.250393E-4,01/30/2025 12:41:22 pm,0.980,0.69,-1.47,-2.06,0.004012,01/30/2025 12:41:49 pm,0.980,0.24,-1.46,0.32,0.001378,01/30/2025 12:42:32 pm,0.980,0.68,-0.90,0.43,0.003981
01/30/2025 12:33:02 pm,1.000,0.44,-2.84,-1.21,0.002537,01/30/2025 12:35:05 pm,1.000,1.03,-1.47,-6.22,0.005998,01/30/2025 12:35:44 pm,1.000,1.04,-1.92,13.66,0.006046,01/30/2025 12:37:42 pm,1.000,0.68,-2.31,-3.41,0.003932,01/30/2025 12:38:51 pm,1.000,0.41,-2.23,-2.13,0.002365,01/30/2025 12:39:32 pm,1.000,0.47,-2.27,-1.78,0.002713,01/30/2025 12:40:10 pm,1.000,0.10,41.27,417.90,5.729416E-4,01/30/2025 12:41:23 pm,1.000,0.66,-1.46,-0.97,0.003845,01/30/2025 12:41:50 pm,1.000,0.21,-1.45,0.62,0.001209,01/30/2025 12:42:33 pm,1.000,0.67,-0.88,-0.22,0.003871
01/30/2025 12:33:02 pm,1.020,0.38,-2.88,-3.28,0.002225,01/30/2025 12:35:05 pm,1.020,1.00,-1.60,-5.89,0.005818,01/30/2025 12:35:44 pm,1.020,1.00,-1.78,8.12,0.005832,01/30/2025 12:37:42 pm,1.020,0.63,-2.39,-4.00,0.003687,01/30/2025 12:38:51 pm,1.020,0.36,-2.28,-2.01,0.002103,01/30/2025 12:39:32 pm,1.020,0.42,-2.30,-0.50,0.002450,01/30/2025 12:40:10 pm,1.020,2.61,41.56,-341.40,0.015170,01/30/2025 12:41:23 pm,1.020,0.63,-1.49,-0.78,0.003669,01/30/2025 12:41:50 pm,1.020,0.18,-1.41,175.99,0.001043,01/30/2025 12:42:33 pm,1.020,0.65,-0.89,-1.26,0.003802
01/30/2025 12:33:02 pm,1.040,0.32,-2.99,-0.70,0.001882,01/30/2025 12:35:05 pm,1.040,0.97,-1.71,-5.49,0.005625,01/30/2025 12:35:44 pm,1.040,0.97,-1.87,-1.46,0.005619,01/30/2025 12:37:42 pm,1.040,0.58,-2.47,-3.88,0.003374,01/30/2025 12:38:51 pm,1.040,0.32,-2.32,-1.44,0.001833,01/30/2025 12:39:32 pm,1.040,0.38,-2.27,0.13,0.002183,01/30/2025 12:40:10 pm,1.040,2.61,26.97,-962.26,0.015163,01/30/2025 12:41:23 pm,1.040,0.60,-1.50,-0.99,0.003496,01/30/2025 12:41:50 pm,1.040,0.15,-1.44,529.04,8.762641E-4,01/30/2025 12:42:33 pm,1.040,0.63,-0.96,-0.96,0.003665
01/30/2025 12:33:02 pm,1.060,0.26,-3.10,3.16,0.001521,01/30/2025 12:35:05 pm,1.060,0.93,-1.82,-5.13,0.005421,01/30/2025 12:35:44 pm,1.060,0.93,-1.92,-2.65,0.005403,01/30/2025 12:37:42 pm,1.060,0.53,-2.57,-3.17,0.003099,01/30/2025 12:38:51 pm,1.060,0.27,-2.34,0.13,0.001561,01/30/2025 12:39:32 pm,1.060,0.33,-2.27,-0.51,0.001918,01/30/2025 12:40:10 pm,1.060,2.60,-6.77,-1054.00,0.015129,01/30/2025 12:41:23 pm,1.060,0.57,-1.52,-1.13,0.003322,01/30/2025 12:41:50 pm,1.060,0.12,19.64,710.98,7.241629E-4,01/30/2025 12:42:33 pm,1.060,0.61,-0.96,-0.18,0.003565
01/30/2025 12:33:02 pm,1.080,0.20,-2.70,4.37,0.001156,01/30/2025 12:35:05 pm,1.080,0.89,-1.91,-4.88,0.005203,01/30/2025 12:35:44 pm,1.080,0.89,-1.95,-2.44,0.005168,01/30/2025 12:37:42 pm,1.080,0.48,-2.59,-2.22,0.002797,01/30/2025 12:38:51 pm,1.080,0.22,-2.35,180.12,0.001288,01/30/2025 12:39:32 pm,1.080,0.29,-2.29,0.42,0.001660,01/30/2025 12:40:10 pm,1.080,3.34,-25.86,-596.04,0.019428,01/30/2025 12:41:23 pm,1.080,0.54,-1.55,-1.23,0.003143,01/30/2025 12:41:50 pm,1.080,0.09,40.98,368.10,5.259190E-4,01/30/2025 12:42:33 pm,1.080,0.59,-0.92,-0.28,0.003438
01/30/2025 12:33:02 pm,1.100,0.13,-2.79,7.08,7.842352E-4,01/30/2025 12:35:05 pm,1.100,0.86,-2.01,-4.89,0.004973,01/30/2025 12:35:44 pm,1.100,0.85,-2.02,-2.68,0.004941,01/30/2025 12:37:42 pm,1.100,0.43,-2.64,-1.59,0.002475,01/30/2025 12:38:51 pm,1.100,0.17,-2.24,560.61,0.001015,01/30/2025 12:39:32 pm,1.100,0.24,-2.34,5.17,0.001393,01/30/2025 12:40:10 pm,1.100,1.06,-32.09,111.78,0.006179,01/30/2025 12:41:23 pm,1.100,0.51,-1.58,-1.15,0.002961,01/30/2025 12:41:50 pm,1.100,2.60,41.49,-310.14,0.015096,01/30/2025 12:42:33 pm,1.100,0.58,-0.95,-1.20,0.003356
01/30/2025 12:33:02 pm,1.120,0.13,-2.78,18.85,7.331976E-4,01/30/2025 12:35:05 pm,1.120,0.81,-2.10,-5.12,0.004737,01/30/2025 12:35:44 pm,1.120,0.81,-2.07,-3.68,0.004723,01/30/2025 12:37:42 pm,1.120,0.38,-2.66,-1.45,0.002189,01/30/2025 12:38:51 pm,1.120,0.13,19.19,717.76,7.420928E-4,01/30/2025 12:39:32 pm,1.120,0.19,-2.14,188.27,0.001112,01/30/2025 12:40:10 pm,1.120,1.04,-19.24,475.20,0.006068,01/30/2025 12:41:23 pm,1.120,0.48,-1.59,-1.14,0.002776,01/30/2025 12:41:50 pm,1.120,2.60,20.89,-693.57,0.015095,01/30/2025 12:42:33 pm,1.120,0.56,-1.00,-0.84,0.003233
01/30/2025 12:33:02 pm,1.140,0.00,-2.17,37.64,0.000000,01/30/2025 12:35:05 pm,1.140,0.77,-2.21,-5.17,0.004485,01/30/2025 12:35:44 pm,1.140,0.76,-2.13,-5.69,0.004438,01/30/2025 12:37:42 pm,1.140,0.32,-2.69,0.23,0.001866,01/30/2025 12:38:51 pm,1.140,0.09,43.39,244.79,5.419118E-4,01/30/2025 12:39:32 pm,1.140,0.14,-1.79,545.89,8.321845E-4,01/30/2025 12:40:10 pm,1.140,1.05,0.02,401.61,0.006099,01/30/2025 12:41:23 pm,1.140,0.45,-1.62,-1.39,0.002589,01/30/2025 12:41:50 pm,1.140,2.60,2.52,-651.61,0.015100,01/30/2025 12:42:33 pm,1.140,0.53,-1.02,0.63,0.003105
01/30/2025 12:33:02 pm,1.160,0.00,-1.05,41.31,0.000000,01/30/2025 12:35:05 pm,1.160,0.73,-2.32,-4.69,0.004223,01/30/2025 12:35:44 pm,1.160,0.73,-2.28,-7.87,0.004229,01/30/2025 12:37:42 pm,1.160,0.27,-2.72,8.52,0.001550,01/30/2025 12:38:51 pm,1.160,2.61,38.15,-586.75,0.015151,01/30/2025 12:39:32 pm,1.160,0.12,19.75,723.44,7.250725E-4,01/30/2025 12:40:10 pm,1.160,1.05,-0.95,116.07,0.006084,01/30/2025 12:41:23 pm,1.160,0.41,-1.65,-1.68,0.002403,01/30/2025 12:41:50 pm,1.160,2.60,-3.28,-432.98,0.015095,01/30/2025 12:42:33 pm,1.160,0.51,-0.95,0.97,0.002990
01/30/2025 12:33:02 pm,1.180,0.00,0.00,26.88,0.000000,01/30/2025 12:35:05 pm,1.180,0.68,-2.41,-3.81,0.003943,01/30/2025 12:35:44 pm,1.180,0.68,-2.49,-7.31,0.003949,01/30/2025 12:37:42 pm,1.180,0.21,-2.55,14.52,0.001237,01/30/2025 12:38:51 pm,1.180,2.90,8.18,-896.05,0.016880,01/30/2025 12:39:32 pm,1.180,0.09,41.27,370.56,5.295630E-4,01/30/2025 12:40:10 pm,1.180,1.06,-2.19,25.07,0.006175,01/30/2025 12:41:23 pm,1.180,0.38,-1.69,-1.77,0.002207,01/30/2025 12:41:50 pm,1.180,2.90,-12.54,-212.31,0.016852,01/30/2025 12:42:33 pm,1.180,0.50,-0.93,-0.02,0.002886
01/30/2025 12:33:02 pm,1.200,0.00,0.00,8.76,0.000000,01/30/2025 12:35:05 pm,1.200,0.63,-2.47,-3.22,0.003658,01/30/2025 12:35:44 pm,1.200,0.62,-2.65,-3.94,0.003617,01/30/2025 12:37:42 pm,1.200,0.16,-1.77,8.66,9.195749E-4,01/30/2025 12:38:51 pm,1.200,1.90,-16.00,-475.70,0.011021,01/30/2025 12:39:32 pm,1.200,2.61,41.61,-315.31,0.015194,01/30/2025 12:40:10 pm,1.200,0.92,-3.10,189.37,0.005331,01/30/2025 12:41:23 pm,1.200,0.35,-1.72,-1.75,0.002008,01/30/2025 12:41:50 pm,1.200,1.90,-16.01,38.62,0.011057,01/30/2025 12:42:33 pm,1.200,0.48,-0.98,-0.85,0.002789
01/30/2025 12:33:02 pm,1.220,0.00,0.00,0.00,0.000000,01/30/2025 12:35:05 pm,1.220,0.58,-2.52,-3.19,0.003370,01/30/2025 12:35:44 pm,1.220,0.57,-2.64,-0.76,0.003314,01/30/2025 12:37:42 pm,1.220,0.12,-1.89,-1.95,7.141788E-4,01/30/2025 12:38:51 pm,1.220,1.78,-9.98,57.60,0.010375,01/30/2025 12:39:32 pm,1.220,2.61,20.82,-700.77,0.015156,01/30/2025 12:40:10 pm,1.220,0.92,5.18,290.97,0.005323,01/30/2025 12:41:23 pm,1.220,0.31,-1.75,-1.69,0.001805,01/30/2025 12:41:50 pm,1.220,1.79,-10.23,230.00,0.010388,01/30/2025 12:42:33 pm,1.220,0.46,-1.00,-0.64,0.002656
01/30/2025 12:33:02 pm,1.240,0.00,0.00,0.00,0.000000,01/30/2025 12:35:05 pm,1.240,0.53,-2.59,-3.41,0.003073,01/30/2025 12:35:44 pm,1.240,0.52,-2.61,0.13,0.003015,01/30/2025 12:37:42 pm,1.240,0.14,-2.34,2.08,8.350773E-4,01/30/2025 12:38:51 pm,1.240,1.80,-0.78,230.52,0.010492,01/30/2025 12:39:32 pm,1.240,2.60,2.36,-638.47,0.015129,01/30/2025 12:40:10 pm,1.240,0.82,14.40,176.24,0.004769,01/30/2025 12:41:23 pm,1.240,0.28,-1.79,-1.51,0.001604,01/30/2025 12:41:50 pm,1.240,1.79,-0.96,218.80,0.010387,01/30/2025 12:42:33 pm,1.240,0.44,-0.99,-0.66,0.002537
01/30/2025 12:33:02 pm,1.260,0.00,0.00,0.00,0.000000,01/30/2025 12:35:05 pm,1.260,0.48,-2.67,-3.38,0.002767,01/30/2025 12:35:44 pm,1.260,0.47,-2.62,-0.68,0.002711,01/30/2025 12:37:42 pm,1.260,0.00,-2.22,25.32,0.000000,01/30/2025 12:38:51 pm,1.260,1.80,-0.14,66.10,0.010444,01/30/2025 12:39:32 pm,1.260,2.60,-3.58,-451.06,0.015119,01/30/2025 12:40:10 pm,1.260,1.78,15.22,-96.46,0.010352,01/30/2025 12:41:23 pm,1.260,0.24,-1.82,1.16,0.001387,01/30/2025 12:41:50 pm,1.260,1.79,0.00,93.23,0.010388,01/30/2025 12:42:33 pm,1.260,0.42,-1.00,-1.18,0.002443
01/30/2025 12:33:02 pm,1.280,0.00,0.00,-1309.37,0.000000,01/30/2025 12:35:05 pm,1.280,0.42,-2.73,-3.00,0.002452,01/30/2025 12:35:44 pm,1.280,0.41,-2.65,-1.46,0.002401,01/30/2025 12:37:42 pm,1.280,0.00,-1.20,38.02,0.000000,01/30/2025 12:38:51 pm,1.280,1.79,1.82,-142.32,0.010410,01/30/2025 12:39:32 pm,1.280,2.90,-10.61,-296.95,0.016880,01/30/2025 12:40:10 pm,1.280,1.78,8.01,-246.93,0.010352,01/30/2025 12:41:23 pm,1.280,0.20,-1.84,7.13,0.001175,01/30/2025 12:41:50 pm,1.280,1.79,0.01,22.91,0.010389,01/30/2025 12:42:33 pm,1.280,0.40,-1.05,-0.91,0.002314
01/30/2025 12:33:02 pm,1.300,0.00,0.00,-2612.18,0.000000,01/30/2025 12:35:05 pm,1.300,0.37,-2.79,-2.49,0.002130,01/30/2025 12:35:44 pm,1.300,0.36,-2.68,-2.17,0.002096,01/30/2025 12:37:42 pm,1.300,0.00,0.00,28.48,0.000000,01/30/2025 12:38:51 pm,1.300,1.78,-4.64,-255.29,0.010361,01/30/2025 12:39:32 pm,1.300,1.88,-20.33,-30.21,0.010907,01/30/2025 12:40:10 pm,1.300,1.78,4.22E-4,-193.69,0.010356,01/30/2025 12:41:23 pm,1.300,0.17,-1.57,187.92,9.631045E-4,01/30/2025 12:41:50 pm,1.300,1.79,-0.01,-31.19,0.010389,01/30/2025 12:42:33 pm,1.300,0.38,-1.07,0.13,0.002181
01/30/2025 12:33:02 pm,1.320,0.00,-157.12,-1014.02,0.000000,01/30/2025 12:35:05 pm,1.320,0.31,-2.83,1.46,0.001802,01/30/2025 12:35:44 pm,1.320,0.31,-2.73,0.43,0.001780,01/30/2025 12:37:42 pm,1.320,0.00,0.00,9.97,0.000000,01/30/2025 12:38:51 pm,1.320,2.04,-13.35,-189.76,0.011842,01/30/2025 12:39:32 pm,1.320,2.05,-16.51,241.66,0.011937,01/30/2025 12:40:10 pm,1.320,1.78,-0.01,-47.98,0.010354,01/30/2025 12:41:23 pm,1.320,0.13,-1.19,593.93,7.464665E-4,01/30/2025 12:41:50 pm,1.320,1.79,1.80,-107.70,0.010395,01/30/2025 12:42:33 pm,1.320,0.35,-1.03,0.69,0.002063
01/30/2025 12:33:02 pm,1.340,0.00,-156.34,6372.92,0.000000,01/30/2025 12:35:05 pm,1.340,0.25,-2.87,3.98,0.001470,01/30/2025 12:35:44 pm,1.340,0.25,-2.81,2.22,0.001464,01/30/2025 12:37:42 pm,1.340,0.00,0.00,0.00,0.000000,01/30/2025 12:38:51 pm,1.340,0.99,-15.61,130.92,0.005773,01/30/2025 12:39:32 pm,1.340,1.01,-1.30,300.50,0.005876,01/30/2025 12:40:10 pm,1.340,1.78,-0.01,-24.20,0.010351,01/30/2025 12:41:23 pm,1.340,0.12,20.08,709.93,7.195250E-4,01/30/2025 12:41:50 pm,1.340,1.78,-5.53,-92.54,0.010375,01/30/2025 12:42:33 pm,1.340,0.33,-1.01,0.25,0.001947
01/30/2025 12:33:02 pm,1.360,-18.85,34.65,,-0.109622,01/30/2025 12:35:05 pm,1.360,0.20,-2.48,2.25,0.001135,01/30/2025 12:35:44 pm,1.360,0.19,-2.47,1776.86,0.001129,01/30/2025 12:37:42 pm,1.360,0.00,0.00,0.00,0.000000,01/30/2025 12:38:51 pm,1.360,0.98,-9.99,377.68,0.005685,01/30/2025 12:39:32 pm,1.360,1.79,-0.64,132.71,0.010391,01/30/2025 12:40:10 pm,1.360,1.78,2.26,-228.95,0.010349,01/30/2025 12:41:23 pm,1.360,0.10,47.79,81.95,5.913434E-4,01/30/2025 12:41:50 pm,1.360,2.01,-7.39,60.15,0.011661,01/30/2025 12:42:33 pm,1.360,0.32,-1.03,-0.22,0.001833
01/30/2025 12:33:02 pm,1.380,0.09,572.97,,5.501618E-4,01/30/2025 12:35:05 pm,1.380,0.14,-2.66,-7532.72,7.952127E-4,01/30/2025 12:35:44 pm,1.380,0.14,-2.67,3646.48,7.893814E-4,01/30/2025 12:37:42 pm,1.380,0.00,0.00,0.00,0.000000,01/30/2025 12:38:51 pm,1.380,0.97,7.71,293.74,0.005630,01/30/2025 12:39:32 pm,1.380,1.99,-0.14,42.04,0.011546,01/30/2025 12:40:10 pm,1.380,1.78,-5.17,,0.010356,01/30/2025 12:41:23 pm,1.380,2.60,34.65,-892.34,0.015126,01/30/2025 12:41:50 pm,1.380,0.91,-1.92,213.57,0.005265,01/30/2025 12:42:33 pm,1.380,0.29,-1.04,0.00,0.001705
01/30/2025 12:33:02 pm,1.400,4.06,,,0.023627,01/30/2025 12:35:05 pm,1.400,0.13,-2.77,-14972.73,7.466830E-4,01/30/2025 12:35:44 pm,1.400,0.13,210.36,2067.45,7.311237E-4,01/30/2025 12:37:42 pm,1.400,0.00,0.00,0.00,0.000000,01/30/2025 12:38:51 pm,1.400,0.86,8.66,-39.71,0.005014,01/30/2025 12:39:32 pm,1.400,1.00,-1.75,101.63,0.005817,01/30/2025 12:40:10 pm,1.400,2.05,-22.32,,0.011924,01/30/2025 12:41:23 pm,1.400,3.38,-5.92,-1130.38,0.019678,01/30/2025 12:41:50 pm,1.400,1.78,5.41,138.42,0.010349,01/30/2025 12:42:33 pm,1.400,0.27,-1.03,0.33,0.001587
,,,,,,01/30/2025 12:35:05 pm,1.420,0.00,-906.51,-7249.63,0.000000,01/30/2025 12:35:44 pm,1.420,0.00,221.94,-3155.51,0.000000,01/30/2025 12:37:42 pm,1.420,0.00,0.00,0.00,0.000000,01/30/2025 12:38:51 pm,1.420,2.03,0.99,-281.60,0.011823,01/30/2025 12:39:32 pm,1.420,1.78,4.85,70.76,0.010350,01/30/2025 12:40:10 pm,1.420,0.89,,,0.005166,01/30/2025 12:41:23 pm,1.420,1.00,-33.30,-405.34,0.005806,01/30/2025 12:41:50 pm,1.420,1.78,7.30,-29.12,0.010348,01/30/2025 12:42:33 pm,1.420,0.25,-1.01,0.37,0.001469
,,,,,,01/30/2025 12:35:05 pm,1.440,0.00,-895.36,15445.91,0.000000,01/30/2025 12:35:44 pm,1.440,25.57,21.01,-6902.90,0.148680,01/30/2025 12:37:42 pm,1.440,0.00,0.00,0.00,0.000000,01/30/2025 12:38:51 pm,1.440,0.95,-8.04,-166.61,0.005532,01/30/2025 12:39:32 pm,1.440,1.78,6.56,-25.67,0.010369,,,,,,,01/30/2025 12:41:23 pm,1.440,0.99,-19.92,326.95,0.005780,01/30/2025 12:41:50 pm,1.440,1.78,0.00,-106.01,0.010354,01/30/2025 12:42:33 pm,1.440,0.23,-1.01,0.24,0.001351
,,,,,,01/30/2025 12:35:05 pm,1.460,-108.52,19.98,30336.42,-0.630906,01/30/2025 12:35:44 pm,1.460,1.32,-191.98,-3742.70,0.007684,01/30/2025 12:37:42 pm,1.460,0.00,0.00,0.00,0.000000,01/30/2025 12:38:51 pm,1.460,1.00,-9.38,36.72,0.005805,01/30/2025 12:39:32 pm,1.460,1.78,0.04,-95.69,0.010375,,,,,,,01/30/2025 12:41:23 pm,1.460,1.00,0.00,443.47,0.005795,01/30/2025 12:41:50 pm,1.460,1.78,-0.01,-60.89,0.010350,01/30/2025 12:42:33 pm,1.460,0.21,-1.01,0.19,0.001234
,,,,,,01/30/2025 12:35:05 pm,1.480,1.20,924.26,14911.77,0.006980,01/30/2025 12:35:44 pm,1.480,1.33,-204.06,1396.88,0.007705,01/30/2025 12:37:42 pm,1.480,0.00,0.00,0.00,0.000000,01/30/2025 12:38:51 pm,1.480,0.93,-0.96,183.07,0.005422,01/30/2025 12:39:32 pm,1.480,1.78,-0.02,-55.74,0.010371,,,,,,,01/30/2025 12:41:23 pm,1.480,1.00,0.01,165.77,0.005794,01/30/2025 12:41:50 pm,1.480,1.78,-0.01,0.07,0.010349,01/30/2025 12:42:33 pm,1.480,0.19,-1.00,0.98,0.001116
,,,,,,01/30/2025 12:35:05 pm,1.500,1.20,914.24,-7862.29,0.006957,01/30/2025 12:35:44 pm,1.500,1.21,-2.11,3287.96,0.007033,01/30/2025 12:37:42 pm,1.500,0.00,0.00,0.00,0.000000,01/30/2025 12:38:51 pm,1.500,0.93,-1.68,258.32,0.005386,01/30/2025 12:39:32 pm,1.500,1.78,-0.05,-0.35,0.010375,,,,,,,01/30/2025 12:41:23 pm,1.500,1.00,-0.01,-0.42,0.005793,01/30/2025 12:41:50 pm,1.500,1.78,3.21E-4,0.20,0.010349,01/30/2025 12:42:33 pm,1.500,0.17,-1.00,3.83,9.998746E-4
,,,,,,01/30/2025 12:35:05 pm,1.520,1.20,-0.22,-15293.38,0.006968,01/30/2025 12:35:44 pm,1.520,1.20,-1.24,1714.29,0.006961,01/30/2025 12:37:42 pm,1.520,0.00,0.00,0.00,0.000000,01/30/2025 12:38:51 pm,1.520,0.91,6.22,269.82,0.005282,01/30/2025 12:39:32 pm,1.520,1.78,-0.03,1.29,0.010354,,,,,,,01/30/2025 12:41:23 pm,1.520,1.00,-0.01,-0.54,0.005792,01/30/2025 12:41:50 pm,1.520,1.78,0.01,0.12,0.010350,01/30/2025 12:42:33 pm,1.520,0.15,-0.90,8.60,8.845431E-4
,,,,,,01/30/2025 12:35:05 pm,1.540,1.20,0.98,-7588.30,0.006949,01/30/2025 12:35:44 pm,1.540,1.20,-0.25,24.76,0.006959,01/30/2025 12:37:42 pm,1.540,0.00,0.00,0.00,0.000000,01/30/2025 12:38:51 pm,1.540,0.82,14.43,156.60,0.004772,01/30/2025 12:39:32 pm,1.540,1.78,0.01,2.01,0.010354,,,,,,,01/30/2025 12:41:23 pm,1.540,1.00,-0.02,-0.92,0.005790,01/30/2025 12:41:50 pm,1.540,1.78,0.01,-0.04,0.010349,01/30/2025 12:42:33 pm,1.540,0.13,-0.65,11.85,7.679599E-4
,,,,,,01/30/2025 12:35:05 pm,1.560,1.18,2.32,-10.13,0.006837,01/30/2025 12:35:44 pm,1.560,1.19,-0.20,10.11,0.006914,01/30/2025 12:37:42 pm,1.560,0.00,0.00,0.00,0.000000,01/30/2025 12:38:51 pm,1.560,1.79,15.31,-105.06,0.010379,01/30/2025 12:39:32 pm,1.560,1.78,0.07,1.44,0.010369,,,,,,,01/30/2025 12:41:23 pm,1.560,1.00,-0.04,-2.16,0.005788,01/30/2025 12:41:50 pm,1.560,1.78,0.00,-0.14,0.010353,01/30/2025 12:42:33 pm,1.560,0.12,-0.32,132.21,7.170359E-4
,,,,,,01/30/2025 12:35:05 pm,1.580,1.34,1.11,-66.83,0.007768,01/30/2025 12:35:44 pm,1.580,1.19,-0.17,1.61,0.006904,01/30/2025 12:37:42 pm,1.580,0.00,0.00,0.00,0.000000,01/30/2025 12:38:51 pm,1.580,1.78,8.03,-247.70,0.010357,01/30/2025 12:39:32 pm,1.580,1.78,0.08,0.15,0.010367,,,,,,,01/30/2025 12:41:23 pm,1.580,0.99,-0.09,0.10,0.005783,01/30/2025 12:41:50 pm,1.580,1.78,0.00,-0.13,0.010350,01/30/2025 12:42:33 pm,1.580,0.12,-0.16,372.10,7.150179E-4
,,,,,,01/30/2025 12:35:05 pm,1.600,1.34,-1.57,-72.25,0.007766,01/30/2025 12:35:44 pm,1.600,1.18,-0.11,-1.70,0.006874,01/30/2025 12:37:42 pm,1.600,0.00,0.00,0.00,0.000000,01/30/2025 12:38:51 pm,1.600,1.78,0.02,,0.010376,01/30/2025 12:39:32 pm,1.600,1.79,0.07,-1.02,0.010389,,,,,,,01/30/2025 12:41:23 pm,1.600,0.99,-0.20,6.98,0.005774,01/30/2025 12:41:50 pm,1.600,1.78,0.00,0.18,0.010351,01/30/2025 12:42:33 pm,1.600,0.12,14.47,491.26,7.119531E-4
,,,,,,01/30/2025 12:35:05 pm,1.620,1.17,-3.16,-27.72,0.006795,01/30/2025 12:35:44 pm,1.620,1.18,-0.16,6.32,0.006880,01/30/2025 12:37:42 pm,1.620,0.00,0.00,0.00,0.000000,01/30/2025 12:38:51 pm,1.620,1.78,-0.01,,0.010375,01/30/2025 12:39:32 pm,1.620,1.79,0.03,-1.24,0.010393,,,,,,,01/30/2025 12:41:23 pm,1.620,0.99,0.15,8.89,0.005738,01/30/2025 12:41:50 pm,1.620,1.78,0.00,0.58,0.010350,01/30/2025 12:42:33 pm,1.620,0.11,29.21,261.34,6.625639E-4
,,,,,,01/30/2025 12:35:05 pm,1.640,1.16,-2.08,71.94,0.006716,01/30/2025 12:35:44 pm,1.640,1.18,-0.42,19.15,0.006864,01/30/2025 12:37:42 pm,1.640,0.00,0.00,0.00,0.000000,01/30/2025 12:38:51 pm,1.640,1.78,,,0.010374,01/30/2025 12:39:32 pm,1.640,1.79,-3.72E-4,-0.79,0.010390,,,,,,,01/30/2025 12:41:23 pm,1.640,0.98,0.55,-9.35,0.005694,01/30/2025 12:41:50 pm,1.640,1.78,0.03,0.45,0.010349,01/30/2025 12:42:33 pm,1.640,1.87,29.26,-265.33,0.010866
,,,,,,01/30/2025 12:35:05 pm,1.660,1.14,-1.70,153.34,0.006615,01/30/2025 12:35:44 pm,1.660,1.17,0.90,12.83,0.006806,01/30/2025 12:37:42 pm,1.660,0.00,0.00,0.00,0.000000,,,,,,,01/30/2025 12:39:32 pm,1.660,1.79,0.00,-0.26,0.010389,,,,,,,01/30/2025 12:41:23 pm,1.660,1.03,0.22,24.76,0.005967,01/30/2025 12:41:50 pm,1.660,1.78,0.04,-0.18,0.010349,01/30/2025 12:42:33 pm,1.660,1.88,16.41,-629.92,0.010940
,,,,,,01/30/2025 12:35:05 pm,1.680,1.12,5.61,104.31,0.006493,01/30/2025 12:35:44 pm,1.680,1.14,1.13,-21.09,0.006651,01/30/2025 12:37:42 pm,1.680,0.00,0.00,0.00,0.000000,,,,,,,01/30/2025 12:39:32 pm,1.680,1.79,0.00,-0.04,0.010392,,,,,,,01/30/2025 12:41:23 pm,1.680,1.02,-1.39,145.72,0.005931,01/30/2025 12:41:50 pm,1.680,1.78,0.01,-0.49,0.010370,01/30/2025 12:42:33 pm,1.680,1.87,-4.57,-603.72,0.010848
,,,,,,01/30/2025 12:35:05 pm,1.700,1.00,7.55,-85.08,0.005831,01/30/2025 12:35:44 pm,1.700,1.33,-0.17,-42.73,0.007723,01/30/2025 12:37:42 pm,1.700,0.00,0.00,,0.000000,,,,,,,01/30/2025 12:39:32 pm,1.700,1.79,0.00,,0.010391,,,,,,,01/30/2025 12:41:23 pm,1.700,0.97,5.07,240.10,0.005655,01/30/2025 12:41:50 pm,1.700,1.78,-0.01,0.08,0.010356,01/30/2025 12:42:33 pm,1.700,2.09,-12.55,-285.26,0.012131
,,,,,,01/30/2025 12:35:05 pm,1.720,1.96,1.18,-260.20,0.011413,01/30/2025 12:35:44 pm,1.720,1.16,-1.88,-16.92,0.006736,01/30/2025 12:37:42 pm,1.720,0.00,0.00,,0.000000,,,,,,,01/30/2025 12:39:32 pm,1.720,1.79,0.00,,0.010390,,,,,,,01/30/2025 12:41:23 pm,1.720,0.87,13.20,153.54,0.005037,01/30/2025 12:41:50 pm,1.720,1.78,0.01,0.61,0.010348,01/30/2025 12:42:33 pm,1.720,1.12,-14.22,74.19,0.006484
,,,,,,01/30/2025 12:35:05 pm,1.740,1.20,-7.48,-131.94,0.006965,01/30/2025 12:35:44 pm,1.740,1.14,-1.21,17.73,0.006602,01/30/2025 12:37:42 pm,1.740,0.00,,,0.000000,,,,,,,01/30/2025 12:39:32 pm,1.740,1.79,,,0.010391,,,,,,,01/30/2025 12:41:23 pm,1.740,1.79,14.45,-88.57,0.010396,01/30/2025 12:41:50 pm,1.740,1.78,0.04,0.23,0.010367,01/30/2025 12:42:33 pm,1.740,1.13,-8.17,221.94,0.006550
,,,,,,01/30/2025 12:35:05 pm,1.760,1.06,-10.58,186.66,0.006184,01/30/2025 12:35:44 pm,1.760,1.11,0.14,15.60,0.006461,,,,,,,,,,,,,,,,,,,,,,,,,01/30/2025 12:41:23 pm,1.760,1.79,7.65,-230.34,0.010397,01/30/2025 12:41:50 pm,1.760,1.78,0.03,-0.42,0.010367,01/30/2025 12:42:33 pm,1.760,1.12,-0.05,177.20,0.006506
,,,,,,01/30/2025 12:35:05 pm,1.780,1.00,3.48,443.64,0.005838,01/30/2025 12:35:44 pm,1.780,1.23,-0.07,-17.11,0.007151,,,,,,,,,,,,,,,,,,,,,,,,,01/30/2025 12:41:23 pm,1.780,1.78,-0.02,,0.010375,01/30/2025 12:41:50 pm,1.780,1.78,0.00,-0.61,0.010368,01/30/2025 12:42:33 pm,1.780,1.10,-0.09,102.39,0.006411
,,,,,,01/30/2025 12:35:05 pm,1.800,0.89,12.62,,0.005159,01/30/2025 12:35:44 pm,1.800,1.08,-1.15,-31.83,0.006286,,,,,,,,,,,,,,,,,,,,,,,,,01/30/2025 12:41:23 pm,1.800,1.79,0.02,,0.010396,01/30/2025 12:41:50 pm,1.800,1.78,0.00,-0.28,0.010368,01/30/2025 12:42:33 pm,1.800,1.13,-1.04,162.00,0.006586
,,,,,,01/30/2025 12:35:05 pm,1.820,1.79,22.56,,0.010417,01/30/2025 12:35:44 pm,1.820,1.16,-1.97,-10.52,0.006731,,,,,,,,,,,,,,,,,,,,,,,,,01/30/2025 12:41:23 pm,1.820,1.79,,,0.010381,01/30/2025 12:41:50 pm,1.820,1.78,0.00,-0.13,0.010368,01/30/2025 12:42:33 pm,1.820,1.10,5.11,195.96,0.006409
,,,,,,01/30/2025 12:35:05 pm,1.840,1.79,,,0.010406,01/30/2025 12:35:44 pm,1.840,1.04,-1.77,28.41,0.006076,,,,,,,,,,,,,,,,,,,,,,,,,,,,,,,01/30/2025 12:41:50 pm,1.840,1.78,4.77E-4,-0.37,0.010368,01/30/2025 12:42:33 pm,1.840,0.99,14.19,34.91,0.005784
,,,,,,,,,,,,01/30/2025 12:35:44 pm,1.860,1.03,-0.71,42.41,0.005987,,,,,,,,,,,,,,,,,,,,,,,,,,,,,,,01/30/2025 12:41:50 pm,1.860,1.78,-0.01,-0.87,0.010367,01/30/2025 12:42:33 pm,1.860,1.85,8.20,-174.22,0.010777
,,,,,,,,,,,,01/30/2025 12:35:44 pm,1.880,1.00,0.99,22.53,0.005792,,,,,,,,,,,,,,,,,,,,,,,,,,,,,,,01/30/2025 12:41:50 pm,1.880,1.78,-0.03,,0.010369,01/30/2025 12:42:33 pm,1.880,2.08,0.06,-152.85,0.012121
,,,,,,,,,,,,01/30/2025 12:35:44 pm,1.900,1.12,0.35,-17.61,0.006521,,,,,,,,,,,,,,,,,,,,,,,,,,,,,,,01/30/2025 12:41:50 pm,1.900,1.78,-0.07,,0.010360,01/30/2025 12:42:33 pm,1.900,1.00,-1.67,42.80,0.005791
,,,,,,,,,,,,01/30/2025 12:35:44 pm,1.920,1.07,-0.13,16.80,0.006235,,,,,,,,,,,,,,,,,,,,,,,,,,,,,,,01/30/2025 12:41:50 pm,1.920,1.78,,,0.010353,01/30/2025 12:42:33 pm,1.920,1.86,5.72,78.58,0.010813
,,,,,,,,,,,,01/30/2025 12:35:44 pm,1.940,1.00,-1.70,142.95,0.005790,,,,,,,,,,,,,,,,,,,,,,,,,,,,,,,,,,,,,01/30/2025 12:42:33 pm,1.940,1.88,7.68,-19.41,0.010921
,,,,,,,,,,,,01/30/2025 12:35:44 pm,1.960,1.11,5.06,228.02,0.006432,,,,,,,,,,,,,,,,,,,,,,,,,,,,,,,,,,,,,01/30/2025 12:42:33 pm,1.960,1.89,0.14,-141.13,0.010978
,,,,,,,,,,,,01/30/2025 12:35:44 pm,1.980,0.88,12.32,144.64,0.005140,,,,,,,,,,,,,,,,,,,,,,,,,,,,,,,,,,,,,01/30/2025 12:42:33 pm,1.980,1.89,1.57,-225.68,0.010983
,,,,,,,,,,,,01/30/2025 12:35:45 pm,2.000,1.79,13.22,-82.60,0.010414,,,,,,,,,,,,,,,,,,,,,,,,,,,,,,,,,,,,,01/30/2025 12:42:34 pm,2.000,1.87,-5.12,-193.61,0.010851
,,,,,,,,,,,,01/30/2025 12:35:45 pm,2.020,1.79,7.50,-213.13,0.010401,,,,,,,,,,,,,,,,,,,,,,,,,,,,,,,,,,,,,01/30/2025 12:42:34 pm,2.020,2.09,-14.14,179.07,0.012146
,,,,,,,,,,,,01/30/2025 12:35:45 pm,2.040,1.79,-0.04,-172.75,0.010393,,,,,,,,,,,,,,,,,,,,,,,,,,,,,,,,,,,,,01/30/2025 12:42:34 pm,2.040,1.07,-7.37,,0.006245
,,,,,,,,,,,,01/30/2025 12:35:45 pm,2.060,1.79,-0.01,-62.15,0.010394,,,,,,,,,,,,,,,,,,,,,,,,,,,,,,,,,,,,,01/30/2025 12:42:34 pm,2.060,0.98,25.32,,0.005721
,,,,,,,,,,,,01/30/2025 12:35:45 pm,2.080,1.79,-0.01,0.81,0.010395,,,,,,,,,,,,,,,,,,,,,,,,,,,,,,,,,,,,,01/30/2025 12:42:34 pm,2.080,2.09,,,0.012134
,,,,,,,,,,,,01/30/2025 12:35:45 pm,2.100,1.79,0.01,0.92,0.010395,,,,,,,,,,,,,,,,,,,,,,,,,,,,,,,,,,,,,,,,,,
,,,,,,,,,,,,01/30/2025 12:35:45 pm,2.120,1.79,0.04,0.71,0.010387,,,,,,,,,,,,,,,,,,,,,,,,,,,,,,,,,,,,,,,,,,
,,,,,,,,,,,,01/30/2025 12:35:45 pm,2.140,1.79,0.06,-0.18,0.010410,,,,,,,,,,,,,,,,,,,,,,,,,,,,,,,,,,,,,,,,,,
,,,,,,,,,,,,01/30/2025 12:35:45 pm,2.160,1.79,0.03,-0.61,0.010410,,,,,,,,,,,,,,,,,,,,,,,,,,,,,,,,,,,,,,,,,,
,,,,,,,,,,,,01/30/2025 12:35:45 pm,2.180,1.79,0.00,-0.28,0.010411,,,,,,,,,,,,,,,,,,,,,,,,,,,,,,,,,,,,,,,,,,
,,,,,,,,,,,,01/30/2025 12:35:45 pm,2.200,1.79,0.03,0.05,0.010411,,,,,,,,,,,,,,,,,,,,,,,,,,,,,,,,,,,,,,,,,,
,,,,,,,,,,,,01/30/2025 12:35:45 pm,2.220,1.79,0.03,-0.07,0.010408,,,,,,,,,,,,,,,,,,,,,,,,,,,,,,,,,,,,,,,,,,
,,,,,,,,,,,,01/30/2025 12:35:45 pm,2.240,1.79,0.01,-0.20,0.010432,,,,,,,,,,,,,,,,,,,,,,,,,,,,,,,,,,,,,,,,,,
,,,,,,,,,,,,01/30/2025 12:35:45 pm,2.260,1.79,0.01,0.01,0.010410,,,,,,,,,,,,,,,,,,,,,,,,,,,,,,,,,,,,,,,,,,
,,,,,,,,,,,,01/30/2025 12:35:45 pm,2.280,1.79,0.02,2.16,0.010414,,,,,,,,,,,,,,,,,,,,,,,,,,,,,,,,,,,,,,,,,,
,,,,,,,,,,,,01/30/2025 12:35:45 pm,2.300,1.79,0.02,6.67,0.010432,,,,,,,,,,,,,,,,,,,,,,,,,,,,,,,,,,,,,,,,,,
,,,,,,,,,,,,01/30/2025 12:35:45 pm,2.320,1.79,0.26,10.18,0.010428,,,,,,,,,,,,,,,,,,,,,,,,,,,,,,,,,,,,,,,,,,
,,,,,,,,,,,,01/30/2025 12:35:45 pm,2.340,1.79,0.57,7.30,0.010408,,,,,,,,,,,,,,,,,,,,,,,,,,,,,,,,,,,,,,,,,,
,,,,,,,,,,,,01/30/2025 12:35:45 pm,2.360,1.83,0.69,-1.49,0.010620,,,,,,,,,,,,,,,,,,,,,,,,,,,,,,,,,,,,,,,,,,
,,,,,,,,,,,,01/30/2025 12:35:45 pm,2.380,1.83,0.46,-7.40,0.010638,,,,,,,,,,,,,,,,,,,,,,,,,,,,,,,,,,,,,,,,,,
,,,,,,,,,,,,01/30/2025 12:35:45 pm,2.400,1.84,0.19,-6.90,0.010678,,,,,,,,,,,,,,,,,,,,,,,,,,,,,,,,,,,,,,,,,,
,,,,,,,,,,,,01/30/2025 12:35:45 pm,2.420,1.84,0.18,-3.58,0.010675,,,,,,,,,,,,,,,,,,,,,,,,,,,,,,,,,,,,,,,,,,
,,,,,,,,,,,,01/30/2025 12:35:45 pm,2.440,1.84,0.14,-2.37,0.010717,,,,,,,,,,,,,,,,,,,,,,,,,,,,,,,,,,,,,,,,,,
,,,,,,,,,,,,01/30/2025 12:35:45 pm,2.460,1.84,0.08,-2.73,0.010726,,,,,,,,,,,,,,,,,,,,,,,,,,,,,,,,,,,,,,,,,,
,,,,,,,,,,,,01/30/2025 12:35:45 pm,2.480,1.84,0.01,-2.01,0.010725,,,,,,,,,,,,,,,,,,,,,,,,,,,,,,,,,,,,,,,,,,
,,,,,,,,,,,,01/30/2025 12:35:45 pm,2.500,1.84,-0.01,-0.86,0.010724,,,,,,,,,,,,,,,,,,,,,,,,,,,,,,,,,,,,,,,,,,
,,,,,,,,,,,,01/30/2025 12:35:45 pm,2.520,1.84,-0.01,-0.07,0.010723,,,,,,,,,,,,,,,,,,,,,,,,,,,,,,,,,,,,,,,,,,
,,,,,,,,,,,,01/30/2025 12:35:45 pm,2.540,1.84,-0.01,0.12,0.010722,,,,,,,,,,,,,,,,,,,,,,,,,,,,,,,,,,,,,,,,,,
,,,,,,,,,,,,01/30/2025 12:35:45 pm,2.560,1.84,0.00,0.27,0.010722,,,,,,,,,,,,,,,,,,,,,,,,,,,,,,,,,,,,,,,,,,
,,,,,,,,,,,,01/30/2025 12:35:45 pm,2.580,1.84,0.00,0.18,0.010721,,,,,,,,,,,,,,,,,,,,,,,,,,,,,,,,,,,,,,,,,,
,,,,,,,,,,,,01/30/2025 12:35:45 pm,2.600,1.84,0.02,-0.74,0.010721,,,,,,,,,,,,,,,,,,,,,,,,,,,,,,,,,,,,,,,,,,
,,,,,,,,,,,,01/30/2025 12:35:45 pm,2.620,1.84,-0.01,-2.35,0.010724,,,,,,,,,,,,,,,,,,,,,,,,,,,,,,,,,,,,,,,,,,
,,,,,,,,,,,,01/30/2025 12:35:45 pm,2.640,1.85,-0.09,-3.26,0.010730,,,,,,,,,,,,,,,,,,,,,,,,,,,,,,,,,,,,,,,,,,
,,,,,,,,,,,,01/30/2025 12:35:45 pm,2.660,1.84,-0.18,-4.08,0.010708,,,,,,,,,,,,,,,,,,,,,,,,,,,,,,,,,,,,,,,,,,
,,,,,,,,,,,,01/30/2025 12:35:45 pm,2.680,1.84,-0.20,-5.98,0.010677,,,,,,,,,,,,,,,,,,,,,,,,,,,,,,,,,,,,,,,,,,
,,,,,,,,,,,,01/30/2025 12:35:45 pm,2.700,1.83,-0.38,-7.02,0.010654,,,,,,,,,,,,,,,,,,,,,,,,,,,,,,,,,,,,,,,,,,
,,,,,,,,,,,,01/30/2025 12:35:45 pm,2.720,1.83,-0.60,-3.26,0.010642,,,,,,,,,,,,,,,,,,,,,,,,,,,,,,,,,,,,,,,,,,
,,,,,,,,,,,,01/30/2025 12:35:45 pm,2.740,1.80,-0.62,4.67,0.010478,,,,,,,,,,,,,,,,,,,,,,,,,,,,,,,,,,,,,,,,,,
,,,,,,,,,,,,01/30/2025 12:35:45 pm,2.760,1.79,-0.35,12.22,0.010432,,,,,,,,,,,,,,,,,,,,,,,,,,,,,,,,,,,,,,,,,,
,,,,,,,,,,,,01/30/2025 12:35:45 pm,2.780,1.79,-0.07,16.14,0.010431,,,,,,,,,,,,,,,,,,,,,,,,,,,,,,,,,,,,,,,,,,
,,,,,,,,,,,,01/30/2025 12:35:45 pm,2.800,1.80,0.31,17.79,0.010444,,,,,,,,,,,,,,,,,,,,,,,,,,,,,,,,,,,,,,,,,,
,,,,,,,,,,,,01/30/2025 12:35:45 pm,2.820,1.79,0.65,,0.010420,,,,,,,,,,,,,,,,,,,,,,,,,,,,,,,,,,,,,,,,,,
,,,,,,,,,,,,01/30/2025 12:35:45 pm,2.840,1.83,1.06,,0.010662,,,,,,,,,,,,,,,,,,,,,,,,,,,,,,,,,,,,,,,,,,
,,,,,,,,,,,,01/30/2025 12:35:45 pm,2.860,1.83,,,0.010667,,,,,,,,,,,,,,,,,,,,,,,,,,,,,,,,,,,,,,,,,,
